method,label,macro_f1_mean_percent,macro_f1_sd_percent,batch32_records_per_second,batch32_records_per_second_min,batch32_records_per_second_max
li2021_cnn,Li-CNN (2021),88.26226619341183,0.15118146952374445,18967.227779253622,18810.051180238865,18967.960317989706
gan2021_cnn,Gan-CNN (2021),87.98935350653294,0.13656653083189094,18377.053162356147,18040.002366340934,18380.440841590847
gong_cnn,Gong-CNN (2022),89.21083455208452,0.2391066178621125,13788.779781727659,13543.23477993685,13935.062012250717
gong_cnn_bilstm,Gong-CNN--BiLSTM (2022),89.26682910172676,0.27777143774924123,1078.7787835641134,1068.4361404864187,1081.8769562341436
gan_cnn,Gan-CNN (2023),87.76514129691054,0.27946628000681273,16948.402970525403,16894.332926356994,16955.268574020683
deeprfqc,DeepRFQC (2024),88.59912634989819,0.1633044739824839,10696.230043735986,10277.521483758552,10732.42760448296
hegaz_capsule,RF-Capsule (2025),86.1205103909652,0.1094912176158536,13017.573444475613,11581.197130251732,13087.139362723283
chen2026_image,Chen-AlexNet (2026),89.11919669257841,0.19046929428143528,5976.522550198748,5626.569505188928,6079.915766567001
reference_ag3,Reference--AG3,88.56489931054838,0.28276272380360457,7421.080146332105,7391.119623185131,7514.018579394217
reference_multifilter,Reference--multi-filter,89.19148226352993,0.335946111461837,5128.302824839471,4941.529711615753,5148.812963295118
