run,evaluation_labels,threshold,tn,fp,fn,tp,macro_f1_percent
strict_to_ag3_seed20260928,source,0.8,15731,488,407,1679,88.09500720495507
strict_to_ag3_seed20260928,target,0.8,15527,411,611,1756,87.13650718053665
strict_to_ag3_seed20260929,source,0.79,15679,540,348,1738,88.44893287981547
strict_to_ag3_seed20260929,target,0.79,15474,464,553,1814,87.4619424468063
strict_to_ag3_seed20260930,source,0.81,15741,478,428,1658,87.87182174776032
strict_to_ag3_seed20260930,target,0.81,15520,418,649,1718,86.49071146258318
ag3_to_strict_seed20260928,source,0.87,15384,554,527,1840,86.95027244350341
ag3_to_strict_seed20260928,target,0.87,15532,687,379,1707,86.44379279489573
ag3_to_strict_seed20260929,source,0.8400000000000001,15366,572,456,1911,87.7836739463502
ag3_to_strict_seed20260929,target,0.8400000000000001,15525,694,297,1789,87.60872008423163
ag3_to_strict_seed20260930,source,0.89,15368,570,504,1863,87.12435161898775
ag3_to_strict_seed20260930,target,0.89,15519,700,353,1733,86.70854538883253
