method,seed,macro_f1_percent,source
reference_ag3,20260928,88.68592355643771,frozen_original
reference_ag3,20260929,88.24176653551592,frozen_original
reference_ag3,20260930,88.76700783969153,frozen_original
reference_ag3,20261001,88.13349002160788,appended
reference_ag3,20261002,88.12684637534139,appended
reference_ag3,20261003,87.60415880730547,appended
reference_ag3,20261004,88.08394296545154,appended
reference_ag3,20261005,87.49837080711613,appended
reference_multifilter,20260928,89.4780734434782,frozen_original
reference_multifilter,20260929,89.2745909833386,frozen_original
reference_multifilter,20260930,88.82178236377301,frozen_original
reference_multifilter,20261001,87.2830933286452,appended
reference_multifilter,20261002,88.88150003631175,appended
reference_multifilter,20261003,88.31231184465268,appended
reference_multifilter,20261004,88.335804359922,appended
reference_multifilter,20261005,88.33037693202392,appended
gong_cnn,20260928,88.9400791541703,frozen_original
gong_cnn,20260929,89.29940829201361,frozen_original
gong_cnn,20260930,89.39301621006963,frozen_original
gong_cnn,20261001,89.11583226603372,appended
gong_cnn,20261002,89.02086661763047,appended
gong_cnn,20261003,89.4189531046264,appended
gong_cnn,20261004,89.36329056636635,appended
gong_cnn,20261005,89.43625473488964,appended
gong_cnn_bilstm,20260928,89.54063825171391,frozen_original
gong_cnn_bilstm,20260929,88.98525807012778,frozen_original
gong_cnn_bilstm,20260930,89.2745909833386,frozen_original
gong_cnn_bilstm,20261001,89.56477388730445,appended
gong_cnn_bilstm,20261002,89.06607702062249,appended
gong_cnn_bilstm,20261003,89.28946605541843,appended
gong_cnn_bilstm,20261004,89.02953763121684,appended
gong_cnn_bilstm,20261005,89.33062064327963,appended
