first,second,seed,difference_pp
reference_multifilter,reference_ag3,20260928,0.7921498870404804
reference_multifilter,reference_ag3,20260929,1.0328244478226765
reference_multifilter,reference_ag3,20260930,0.054774524081480536
reference_multifilter,reference_ag3,20261001,-0.8503966929626898
reference_multifilter,reference_ag3,20261002,0.7546536609703622
reference_multifilter,reference_ag3,20261003,0.7081530373472162
reference_multifilter,reference_ag3,20261004,0.25186139447045264
reference_multifilter,reference_ag3,20261005,0.8320061249077924
gong_cnn,reference_ag3,20260928,0.25415559773259133
gong_cnn,reference_ag3,20260929,1.0576417564976879
gong_cnn,reference_ag3,20260930,0.6260083703781021
gong_cnn,reference_ag3,20261001,0.982342244425837
gong_cnn,reference_ag3,20261002,0.8940202422890877
gong_cnn,reference_ag3,20261003,1.8147942973209297
gong_cnn,reference_ag3,20261004,1.2793476009148037
gong_cnn,reference_ag3,20261005,1.9378839277735125
gong_cnn_bilstm,reference_ag3,20260928,0.8547146952762006
gong_cnn_bilstm,reference_ag3,20260929,0.7434915346118629
gong_cnn_bilstm,reference_ag3,20260930,0.5075831436470679
gong_cnn_bilstm,reference_ag3,20261001,1.431283865696571
gong_cnn_bilstm,reference_ag3,20261002,0.9392306452810999
gong_cnn_bilstm,reference_ag3,20261003,1.685307248112963
gong_cnn_bilstm,reference_ag3,20261004,0.9455946657652987
gong_cnn_bilstm,reference_ag3,20261005,1.8322498361634985
gong_cnn,reference_multifilter,20260928,-0.5379942893078891
gong_cnn,reference_multifilter,20260929,0.024817308675011418
gong_cnn,reference_multifilter,20260930,0.5712338462966216
gong_cnn,reference_multifilter,20261001,1.8327389373885268
gong_cnn,reference_multifilter,20261002,0.13936658131872548
gong_cnn,reference_multifilter,20261003,1.1066412599737134
gong_cnn,reference_multifilter,20261004,1.027486206444351
gong_cnn,reference_multifilter,20261005,1.1058778028657201
gong_cnn_bilstm,reference_multifilter,20260928,0.06256480823572019
gong_cnn_bilstm,reference_multifilter,20260929,-0.28933291321081356
gong_cnn_bilstm,reference_multifilter,20260930,0.4528086195655874
gong_cnn_bilstm,reference_multifilter,20261001,2.281680558659261
gong_cnn_bilstm,reference_multifilter,20261002,0.18457698431073766
gong_cnn_bilstm,reference_multifilter,20261003,0.9771542107657467
gong_cnn_bilstm,reference_multifilter,20261004,0.6937332712948461
gong_cnn_bilstm,reference_multifilter,20261005,1.000243711255706
gong_cnn_bilstm,gong_cnn,20260928,0.6005590975436093
gong_cnn_bilstm,gong_cnn,20260929,-0.314150221885825
gong_cnn_bilstm,gong_cnn,20260930,-0.11842522673103417
gong_cnn_bilstm,gong_cnn,20261001,0.448941621270734
gong_cnn_bilstm,gong_cnn,20261002,0.04521040299201218
gong_cnn_bilstm,gong_cnn,20261003,-0.12948704920796672
gong_cnn_bilstm,gong_cnn,20261004,-0.333752935149505
gong_cnn_bilstm,gong_cnn,20261005,-0.10563409161001402
