method,label,device,parameters,latency_p50_ms,latency_p50_ms_min,latency_p50_ms_max,latency_p95_ms,latency_p95_ms_min,latency_p95_ms_max,batch32_records_per_second,batch32_records_per_second_min,batch32_records_per_second_max,forward_batch32_records_per_second,forward_batch32_records_per_second_min,forward_batch32_records_per_second_max,peak_gpu_mib,peak_gpu_mib_min,peak_gpu_mib_max,pool_seconds,pool_seconds_min,pool_seconds_max,pool_records_per_second,pool_records_per_second_min,pool_records_per_second_max
li2021_cnn,Li-CNN (2021),cuda:0,529190,1.061741,1.0577535,1.2992565,1.1712676000000002,1.11776665,1.39173695,18967.227779253622,18810.051180238865,18967.960317989706,63100.72397605056,62999.578505749654,63569.120554739915,12.65185546875,12.65185546875,12.65185546875,,,,,,
gan2021_cnn,Gan-CNN (2021),cuda:0,813038,1.103475,1.100033,1.1073870000000001,1.1806341999999999,1.1660660999999999,1.2061936,18377.053162356147,18040.002366340934,18380.440841590847,57267.05506853703,57258.84464624211,57457.346336948285,21.0859375,21.0859375,21.0859375,,,,,,
gong_cnn,Gong-CNN (2022),cuda:0,13330,1.6258240000000002,1.614098,1.6283439999999998,1.70978005,1.7095015,1.7260012500000002,13788.779781727659,13543.23477993685,13935.062012250717,29667.059397885587,29258.900063083787,29697.88664734293,9.7138671875,9.7138671875,9.7138671875,,,,,,
gong_cnn_bilstm,Gong-CNN--BiLSTM (2022),cuda:0,13746,25.998659,25.9501125,26.4295305,26.9112933,26.4336842,27.6105191,1078.7787835641134,1068.4361404864187,1081.8769562341436,1127.4440763515697,1118.3453139224075,1127.4464113132449,9.716796875,9.716796875,9.716796875,,,,,,
gan_cnn,Gan-CNN (2023),cuda:0,152292,1.25026,1.2501495,1.274816,1.37367855,1.3463106999999999,1.3820047500000001,16948.402970525403,16894.332926356994,16955.268574020683,46309.12016063476,46020.277415085955,46872.9022488053,11.21484375,11.21484375,11.21484375,,,,,,
deeprfqc,DeepRFQC (2024),cuda:0,1587297,2.215655,2.210752,2.239806,2.3542237000000004,2.3190332,2.4412718000000004,10696.230043735986,10277.521483758552,10732.42760448296,18301.241909050445,18023.106361584523,18453.41862464977,45.87548828125,45.87548828125,45.87548828125,,,,,,
hegaz_capsule,RF-Capsule (2025),cuda:0,1026304,1.8092735,1.7914945,1.8365395,1.9480732500000002,1.8841331499999998,1.9801973999999996,13017.573444475613,11581.197130251732,13087.139362723283,26061.481733179142,25923.643730149044,26317.647372978347,36.064453125,36.064453125,36.064453125,,,,,,
chen2026_image,Chen-AlexNet (2026),cuda:0,57602114,2.1272139999999995,2.119946,2.2682595,2.68994325,2.21245765,3.565509,5976.522550198748,5626.569505188928,6079.915766567001,7561.895108391716,7477.572012213239,7661.009028955509,663.1591796875,663.1591796875,663.1591796875,,,,,,
reference_ag3,Reference--AG3,cuda:0,395393,3.549201,3.5261435,3.658181,3.7153818999999997,3.6549208999999996,3.91241565,7421.080146332105,7391.119623185131,7514.018579394217,10771.701528268815,10599.888692887562,10899.177340950908,33.52197265625,33.52197265625,33.52197265625,,,,,,
reference_multifilter,Reference--multi-filter,cuda:0,395393,3.6318615,3.5798735,3.867905,4.06803725,3.9836494999999994,5.1897554,5128.302824839471,4941.529711615753,5148.812963295118,9855.390621487091,9739.570171082587,9888.58051560855,77.5986328125,77.5986328125,77.5986328125,,,,,,
descriptors_ag3,Descriptors--AG3,cuda:0,33009,1.3433095,1.3378284999999999,1.3483229999999997,1.4242426000000001,1.4211131,1.4253838,17680.849885302392,17504.189424320884,17718.284025027286,38290.14175429276,37921.38238251824,38792.72200044369,16.53076171875,16.53076171875,16.53076171875,,,,,,
descriptors_multifilter,Descriptors--multi-filter,cuda:0,33009,1.2937859999999999,1.2815485,1.319825,1.3723633499999999,1.3437328499999999,1.40903725,18505.86869168099,18222.00397734386,18775.093811296374,32332.69535199822,32287.71176356112,32340.951448683543,17.24267578125,17.24267578125,17.24267578125,,,,,,
combined_ag3,Combined--AG3,cuda:0,397041,3.649811,3.6443555,3.6996679999999995,3.92492395,3.86640665,3.92954355,7198.027695423781,6170.232050496697,7219.117328112181,10566.630395469558,10530.831771268524,10604.512404364308,33.52880859375,33.52880859375,33.52880859375,,,,,,
combined_multifilter,Combined--multi-filter,cuda:0,397041,3.7289085,3.6761995,3.7400599999999997,3.96397215,3.88548875,4.018535150000001,4834.3344402763205,4654.627312513964,5007.393484940973,9606.348715786906,9529.838085910429,9651.31058954239,77.60546875,77.60546875,77.60546875,,,,,,
xiong2025_fcm,Xiong-FCM (2025),cpu,8,,,,,,,,,,,,,,,,0.795176439,0.794733498,0.83613189,30852.27227161342,29341.064840859017,30869.467641340063
logreg_ag3,LogReg--AG3,cpu,7,0.15223549999999997,0.15070799999999998,0.15249600000000002,0.18939805,0.1874825,0.19079005,90859.91814089249,90457.31028898018,92239.06455896802,,,,,,,,,,,,
logreg_multifilter,LogReg--multi-filter,cpu,43,0.0741595,0.07349249999999999,0.0782165,0.10419655,0.09419874999999997,0.11176104999999999,292621.1741710377,272787.62311406253,294204.00864454126,,,,,,,,,,,,
reference_ag1,Reference--AG1,cuda:0,395393,3.5680855,3.5211785,3.6704445,3.8269304,3.6588537,3.93934615,7408.105775712305,7196.593194627385,7429.054686091351,10839.121722479553,8307.064472839083,10915.355881481022,33.52197265625,33.52197265625,33.52197265625,,,,,,
reference_ag5,Reference--AG5,cuda:0,395393,3.5578075000000005,3.5404395,3.697775,3.88211755,3.6858186,4.7388973000000005,7302.510832854071,7278.585914054061,7435.259240950793,10865.056140668185,10791.386884066182,10906.96250211855,33.52197265625,33.52197265625,33.52197265625,,,,,,
