variant,epsilon,mean_drop_pp,lower_pp,upper_pp,all_realizations_drop,operationally_detected,min_realization_drop_pp,max_realization_drop_pp
ag3,0.005,0.9855897397939903,0.7962047572453085,1.1948869153062094,True,True,0.7661488978814246,1.2138639262998852
multiband,0.005,1.0039261264333974,0.8102585173913072,1.2213518420576888,True,True,0.8354811853822142,1.1767762777412982
ag3,0.01,2.0239332424021304,1.6578469976688806,2.437877145243798,True,True,1.7434805913252416,2.3432116656284196
multiband,0.01,2.0631959944532574,1.6835652652479347,2.4842989825399036,True,True,1.793208160510551,2.344365582506236
ag3,0.02,3.938330750915524,3.2653144494465147,4.665283334617608,True,True,3.5368223029500045,4.476961361670351
multiband,0.02,3.99836330841499,3.3017732189768876,4.74673781991564,True,True,3.6124975586655506,4.303739716964749
ag3,0.05,9.157767289834831,7.776023317514412,10.553053255782023,True,True,8.578675137379555,10.02345422686074
multiband,0.05,9.298465885624962,7.878289410803871,10.716837868771018,True,True,8.789206940044348,9.766467730559702
ag3,0.1,16.061437657367968,14.131049977223533,17.833926244992092,True,True,14.908214165677048,16.992057930720172
multiband,0.1,16.31787713775592,14.334457887440497,18.125788776314987,True,True,15.396049043802918,16.92154579448276
