key,label,group,source,arm,input,seeds,parameters,accuracy_mean,accuracy_std,macro_f1_mean,macro_f1_std,good_auprc_mean,good_auprc_std,good_precision_mean,good_precision_std,good_recall_mean,good_recall_std,balanced_accuracy_mean,balanced_accuracy_std
li2021_cnn,Li-CNN (2021),primary,extension,li2021_cnn,AG3,3,529190,0.9561135341512793,0.0014721214397784737,0.8826226619341183,0.0015118146952374444,0.8667036579719168,0.0024917639786468395,0.7416049686245839,0.017765381251321957,0.8451783723522853,0.01774336013645148,0.9066383860015045,0.007100309801516902
gan2021_cnn,Gan-CNN (2021),primary,extension,gan2021_cnn,AG3,3,813038,0.9560184241633718,0.0005514103150233542,0.8798935350653293,0.0013656653083189093,0.8597552297152867,0.0022703335118788165,0.7515701391460105,0.0032257067939520686,0.8199554069119287,0.0014681791740319141,0.8953366905538069,0.0009580437188961847
gong_cnn,Gong-CNN (2022),primary,literature,gong_cnn,AG3,3,13330,0.9611136020869848,0.0012437244774297848,0.8921083455208452,0.002391066178621125,0.8866150392979414,0.002092853473635418,0.7855794558797009,0.015191963818396114,0.8274804905239689,0.013829728003247627,0.9015155640521625,0.005821465624116196
gong_cnn_bilstm,Gong-CNN-BiLSTM (2022),primary,literature,gong_cnn_bilstm,AG3,3,13746,0.9614532806152257,0.0008858774338076758,0.8926682910172676,0.0027777143774924125,0.8865102426285265,0.0026320718378262586,0.7890732013620281,0.0033228572916230896,0.8252508361204014,0.008537030876531031,0.9007093648858483,0.004255030767006779
gan_cnn,Gan-CNN (2023),primary,literature,gan_cnn,AG3,3,152292,0.955271131401242,0.0009044383342514078,0.8776514129691054,0.002794662800068127,0.8564329504450514,0.0036065408828373988,0.7489026176105397,0.003071434656747789,0.8142419175027871,0.007946810161306129,0.892374560666393,0.004028060894416497
deeprfqc,DeepRFQC (2024),primary,literature,deeprfqc,AG3,3,1587297,0.9593744480223916,0.0010386833980688386,0.8859912634989818,0.0016330447398248391,0.8759050155177793,0.00692021763019404,0.7840338225343696,0.012045596459879272,0.8054626532887402,0.00738835905340667,0.8907324708263552,0.002719644944730568
hegaz_capsule,RF-Capsule (2025),primary,literature,hegaz_capsule,AG3,3,1026304,0.9480971208847947,0.0015788585390232224,0.861205103909652,0.001094912176158536,0.812539661480193,0.0028194709183256192,0.7056081579643075,0.01849519832824236,0.8044871794871794,0.02585672205929541,0.8840495906770013,0.010707913258630308
chen2026_image,Chen-AlexNet (2026),primary,extension,chen2026_image,AG3 image,3,57602114,0.960284786478077,0.00010258066597736777,0.8911919669257841,0.0019046929428143528,0.8810698847888562,0.002285349445047333,0.7737236932313971,0.01231462930160041,0.8383500557413601,0.023217715135142248,0.9059040223454855,0.010298040983856695
ours_ag3,Ours AG3,primary,ag3,waveform_random,ag3,3,395393,0.9584912838489653,0.0018475014914669458,0.8856489931054838,0.0028276272380360454,0.8758350241919258,0.003941177472150702,0.7696698637194371,0.02909775502324317,0.822463768115942,0.03432509324044742,0.8978253832976922,0.014568549672394187
ours_multiband,Ours multi-band,primary,multiband,waveform_random,multiband,3,395393,0.960814684982133,0.0010322651075815113,0.8919148226352993,0.00335946111461837,0.8832872936626099,0.003683071403454127,0.7802137223110699,0.01044479998282131,0.8330546265328874,0.01894847579020004,0.9038359262468871,0.008656046141579126
features_only_ag3,Descriptors only / AG3,features,ag3,features_only,ag3,3,33009,0.9001345126971834,0.0010182200299022823,0.7718394057016967,0.0011879686281202934,0.5946114166668046,0.0030146411223871054,0.49229251408091224,0.003239060814802772,0.7706243032329989,0.011290205741654978,0.8423752171209181,0.004636274051055483
combined_random_ag3,Waveform + descriptors / AG3,features,ag3,combined_random,ag3,3,397041,0.9579070367803911,0.0018248800177376174,0.8832390901725503,0.004792986965792298,0.8715426932226576,0.0031561186961409165,0.7695308105854943,0.01030451791308195,0.8113154960981048,0.006640887713179395,0.8925297652720022,0.003971143859511168
features_only_multiband,Descriptors only / multi-band,features,multiband,features_only,multiband,3,33009,0.9418198616829033,0.002478191742463996,0.84708091002222,0.003041279289569,0.7623702902169455,0.010555618523419207,0.6711590686798038,0.019690127807452988,0.7931995540691194,0.021667997420298298,0.8755377954920217,0.008547539681103238
combined_random_multiband,Waveform + descriptors / multi-band,features,multiband,combined_random,multiband,3,397041,0.9600266307966141,0.0015714749044553112,0.8887453798204202,0.0023569413269109696,0.8842280534056505,0.0014808484616291603,0.7831725099410836,0.028075351017674933,0.8185618729096991,0.03412508417582357,0.8969358150360639,0.014554978550145137
xiong2025_fcm,Xiong-FCM (2025),features,fcm,xiong2025_fcm,AG3 + station context,3,8,0.859658419272001,1.3597399555105182e-16,0.7301405116220326,1.3597399555105182e-16,0.382888266431676,8.365809075276984e-07,0.3978620019436346,0.0,0.8557692307692307,0.0,0.8579239090027898,0.0
