key,label,group,seed,threshold,parameters,accuracy,macro_f1,good_auprc,good_precision,good_recall,balanced_accuracy
li2021_cnn,Li-CNN (2021),primary,20260928,0.8400000000000001,529190,0.9553254799657604,0.8816813034534199,0.8693540519453286,0.7325915290739411,0.8532608695652174,0.9098064430929831
li2021_cnn,Li-CNN (2021),primary,20260929,0.8400000000000001,529190,0.9578119267924836,0.8843665131309797,0.864408694742986,0.7620702974121283,0.8248327759197325,0.8985055438245517
li2021_cnn,Li-CNN (2021),primary,20260930,0.78,529190,0.9552031956955936,0.8818201692179557,0.8663482272274363,0.7301530793876825,0.8574414715719063,0.9116031710869784
gan2021_cnn,Gan-CNN (2021),primary,20260928,0.88,813038,0.9554477642359271,0.8784920012760652,0.8623679042018431,0.7481849445930455,0.818561872909699,0.8943990431347646
gan2021_cnn,Gan-CNN (2021),primary,20260929,0.81,813038,0.9565483226674275,0.8812202564411411,0.8582621753714702,0.7546082949308756,0.8214882943143813,0.8963139046207198
gan2021_cnn,Gan-CNN (2021),primary,20260930,0.85,813038,0.9560591855867607,0.8799683474787818,0.8586356095725471,0.7519171779141104,0.8198160535117057,0.8952971239059364
gong_cnn,Gong-CNN (2022),primary,20260928,0.8400000000000001,13330,0.9597277136917621,0.889400791541703,0.8842189159512956,0.7723041117145074,0.8323578595317725,0.9029229792668121
gong_cnn,Gong-CNN (2022),primary,20260929,0.89,13330,0.9621326376717075,0.8929940829201362,0.8875411076940457,0.802147872779843,0.8118729096989966,0.8951194185819404
gong_cnn,Gong-CNN (2022),primary,20260930,0.9,13330,0.961480454897485,0.8939301621006963,0.8880850942484829,0.7822863831447523,0.8382107023411371,0.9065042943077349
gong_cnn_bilstm,Gong-CNN-BiLSTM (2022),primary,20260928,0.89,13746,0.9622549219418742,0.8954063825171392,0.8865283322606751,0.7899525316455697,0.834866220735786,0.9054417820629383
gong_cnn_bilstm,Gong-CNN-BiLSTM (2022),primary,20260929,0.9,13746,0.9605021807361513,0.8898525807012778,0.8838691725972645,0.7853991175290814,0.818561872909699,0.8971992779931721
gong_cnn_bilstm,Gong-CNN-BiLSTM (2022),primary,20260930,0.9,13746,0.9616027391676517,0.892745909833386,0.8891332230276402,0.7918679549114331,0.822324414715719,0.8994870346014348
gan_cnn,Gan-CNN (2023),primary,20260928,0.89,152292,0.9542656829576489,0.8746242694317623,0.8524495394728108,0.7453632148377125,0.806438127090301,0.8883371702250655
gan_cnn,Gan-CNN (2023),primary,20260929,0.89,152292,0.9560184241633718,0.8801332004520297,0.8594765422887466,0.7504769172071728,0.822324414715719,0.8963932267336782
gan_cnn,Gan-CNN (2023),primary,20260930,0.86,152292,0.9555292870827049,0.8781967690235244,0.857372769573597,0.7508677207867335,0.8139632107023411,0.8923932850404348
deeprfqc,DeepRFQC (2024),primary,20260928,0.9,1587297,0.9600538050788734,0.8870569530818988,0.8792553858847875,0.7919768403639371,0.8005852842809364,0.8889336249325734
deeprfqc,DeepRFQC (2024),primary,20260929,0.85,1587297,0.9581787796029837,0.884111175445556,0.8679472611263672,0.7701740506329114,0.8139632107023411,0.8938611500871807
deeprfqc,DeepRFQC (2024),primary,20260930,0.88,1587297,0.9598907593853178,0.8868056619694904,0.8805123995421832,0.7899505766062603,0.8018394648829431,0.8894026374593118
hegaz_capsule,RF-Capsule (2025),primary,20260928,0.73,1026304,0.9462764439734236,0.8606954210637369,0.813745106659332,0.6844093406593407,0.8331939799331104,0.8958436364594868
hegaz_capsule,RF-Capsule (2025),primary,20260929,0.8200000000000001,1026304,0.9489259364937024,0.8604579472183723,0.8093178564750909,0.7184503260452627,0.7830267558528428,0.8749377941677836
hegaz_capsule,RF-Capsule (2025),primary,20260930,0.78,1026304,0.949088982187258,0.8624619434468469,0.814556021306156,0.713964807188319,0.7972408026755853,0.8813673414037336
chen2026_image,Chen-AlexNet (2026),primary,20260928,0.86,57602114,0.9601760893490401,0.8932712863622443,0.8836223385979086,0.7603974972396025,0.8637123745819398,0.9171549542843307
chen2026_image,Chen-AlexNet (2026),primary,20260929,0.74,57602114,0.9603798964659845,0.8895316799302966,0.8792135227703534,0.7846832397754611,0.8181438127090301,0.8969450828144763
chen2026_image,Chen-AlexNet (2026),primary,20260930,0.88,57602114,0.9602983736192068,0.8907729344848114,0.8803737929983069,0.7760903426791277,0.8331939799331104,0.9036120299376496
ours_ag3,Ours AG3,primary,20260928,0.86,395393,0.9574043125585946,0.8868592355643772,0.8779359333773915,0.7432286023835319,0.8603678929765887,0.9141277611308127
ours_ag3,Ours AG3,primary,20260929,0.85,395393,0.9574450739819834,0.8824176653551592,0.8712884981879075,0.764937106918239,0.8135451505016722,0.8932682168207742
ours_ag3,Ours AG3,primary,20260930,0.93,395393,0.960624465006318,0.8876700783969153,0.8782806410104785,0.8008438818565401,0.7934782608695652,0.8860801719414897
ours_multiband,Ours multi-band,primary,20260928,0.92,395393,0.9611951249337627,0.894780734434782,0.8846605703121354,0.7716981132075472,0.854933110367893,0.9138041189796197
ours_multiband,Ours multi-band,primary,20260929,0.85,395393,0.9616027391676517,0.892745909833386,0.886086426184567,0.7918679549114331,0.822324414715719,0.8994870346014348
ours_multiband,Ours multi-band,primary,20260930,0.92,395393,0.9596461908449843,0.88821782363773,0.8791148844911272,0.7770750988142292,0.8219063545150501,0.8982166251596071
features_only_ag3,Descriptors only / AG3,features,20260928,0.8,33009,0.9012758325520727,0.7718120304838216,0.5976966866239993,0.4959038776624795,0.7591973244147158,0.8379112948797756
features_only_ag3,Descriptors only / AG3,features,20260929,0.81,33009,0.8998084213100721,0.7730408253551135,0.5916727540863271,0.4913294797687861,0.7817725752508361,0.8471664917715722
features_only_ag3,Descriptors only / AG3,features,20260930,0.81,33009,0.8993192842294053,0.7706653612661551,0.5944648092900873,0.48964418481147104,0.7709030100334449,0.8420478647114065
combined_random_ag3,Waveform + descriptors / AG3,features,20260928,0.91,397041,0.956792891207761,0.88035722613097,0.8693371809857044,0.7630331753554502,0.8076923076923077,0.8902966303377305
combined_random_ag3,Waveform + descriptors / AG3,features,20260929,0.88,397041,0.9569151754779277,0.8805880949226473,0.8701329063955077,0.7641472101305896,0.8072742474916388,0.8901779303941189
combined_random_ag3,Waveform + descriptors / AG3,features,20260930,0.91,397041,0.9600130436554845,0.8887719494640332,0.8751579922867607,0.7814120462704428,0.8189799331103679,0.8971147350841573
features_only_multiband,Descriptors only / multi-band,features,20260928,0.86,33009,0.9429340072555333,0.849834034039636,0.7674148801711964,0.6756373937677054,0.7976588628762542,0.8781438255486009
features_only_multiband,Descriptors only / multi-band,features,20260929,0.89,33009,0.9435454286063669,0.8475923657109149,0.7694571141670189,0.6882242990654206,0.7696488294314381,0.8659905770390106
features_only_multiband,Descriptors only / multi-band,features,20260930,0.86,33009,0.9389801491868096,0.843816330316109,0.750238876312621,0.6496155132062855,0.8122909698996655,0.8824789838884535
combined_random_multiband,Waveform + descriptors / multi-band,features,20260928,0.89,397041,0.9587086781070395,0.8894914986049907,0.8830071785814463,0.7530275229357798,0.8578595317725752,0.9137317170176729
combined_random_multiband,Waveform + descriptors / multi-band,features,20260929,0.89,397041,0.9596054294215954,0.8861056813990914,0.8838016636074483,0.7879161528976573,0.8014214046822743,0.8890581121238932
combined_random_multiband,Waveform + descriptors / multi-band,features,20260930,0.87,397041,0.9617657848612073,0.8906389594571789,0.8858753180280571,0.8085738539898133,0.7964046822742475,0.8880176159666255
xiong2025_fcm,Xiong-FCM (2025),features,20260928,0.8300000000000001,8,0.8596584192720009,0.7301405116220325,0.38288830562358545,0.3978620019436346,0.8557692307692307,0.8579239090027898
xiong2025_fcm,Xiong-FCM (2025),features,20260929,0.8300000000000001,8,0.8596584192720009,0.7301405116220325,0.38288741094361667,0.3978620019436346,0.8557692307692307,0.8579239090027898
xiong2025_fcm,Xiong-FCM (2025),features,20260930,0.8300000000000001,8,0.8596584192720009,0.7301405116220325,0.38288908272782585,0.3978620019436346,0.8557692307692307,0.8579239090027898
