method,label,n_stations,retained_total,median_shape_correlation,median_raw_nrmse,median_raw_P_amplitude_relative_error_pct,median_raw_Ps_amplitude_relative_error_pct,median_shape_P_time_abs_error_s,median_shape_Ps_time_abs_error_s,median_crossband_correlation,median_count_control_difference
all,All RFs,26,24533,0.9204218575683765,5713816518311937.0,2.475758989018719e+16,4.664122836984202e+17,0.0,0.09999999999999964,0.8316815566446394,0.0
manual,Manual good,26,2392,1.0,0.0,0.0,0.0,0.0,0.0,0.8414489639406647,0.002310708640460346
li2021_cnn,Li 2021,26,2589,0.9917496083376025,0.06783658716300404,2.778571584830762,3.8814126121752075,0.0,0.0,0.8377953042251831,-0.00038206167991838846
gan2021_cnn,Gan 2021,26,2604,0.9930753757534724,0.06404939800477658,2.1045505132952163,2.6604410800762777,0.0,0.0,0.836252177973023,0.00034043979621850573
gong_cnn,Gong CNN,26,2421,0.9933290250034794,0.05644355000244626,1.5233327928640084,3.601676359836281,0.0,0.0,0.8386215486849825,-0.0012969941234048377
gong_cnn_bilstm,Gong CNN-BiLSTM,26,2493,0.9941522039177673,0.0569973427438628,1.5879807672831419,2.8494666503932153,0.0,0.0,0.8396276708943464,-0.0012364813525430063
gan_cnn,Gan 2023,26,2621,0.9921165891955817,0.06431556473226849,1.8119256817998073,2.632073435883968,0.0,0.0,0.8362975669172965,-0.0011341940369414272
deeprfqc,DeepRFQC,26,2528,0.993598211068133,0.07354274028012642,1.9846582732581908,3.6973205500467925,0.0,0.0,0.8377166438831638,8.373786604876088e-05
hegaz_capsule,RF-Capsule,26,2607,0.9916697487437691,0.06688218763315189,3.2091037197738745,3.0108118053813353,0.0,0.0,0.835421763495859,0.0010676700258745453
chen2026_image,Chen 2026,26,2494,0.9930239398158129,0.0699115023377832,1.6301338259342826,3.9264393719377644,0.0,0.0,0.8345682676810703,0.0009432916136472569
ours_ag3,Ours AG3,26,2544,0.9934154991306736,0.05721900666049321,2.1026574392761925,4.0627907554339036,0.0,0.0,0.8397745021185754,-0.001820106842045921
ours_multiband,Ours multi-band,26,2484,0.9918143382729003,0.05426109929635292,2.0541376502680126,3.9295873865750495,0.0,0.0,0.8402745720991378,0.0006016116425561768
xiong2025_fcm,Xiong FCM,26,5145,0.9787499874278929,0.2401407531565264,7.102416911023154,29.29297978697322,0.0,0.0,0.8345905612879925,-0.0037310275186454023
