method,fraction,comparable_station_subsets,median_correlation,q25,q75,min
all,1.0,26,0.9204218575683765,0.8630598093162724,0.9549659004898452,0.2525728831974676
all,0.5,78,0.8996710141940196,0.8231180401673514,0.9411161271710338,0.15360942091555418
all,0.25,76,0.85521357525915,0.7546508468338797,0.9246059892967025,0.05457307273047324
manual,1.0,26,1.0,0.9999999999999999,1.0,0.9999999999999998
manual,0.5,78,1.0,1.0,1.0,0.9999999999999998
manual,0.25,76,1.0,1.0,1.0,0.9999999999999998
li2021_cnn,1.0,26,0.9917496083376025,0.9794341870942016,0.9967394510123858,0.9592817254184564
li2021_cnn,0.5,78,0.987593882554046,0.9689543919035863,0.9946489405054634,0.8868632543780671
li2021_cnn,0.25,76,0.9771168619876114,0.9560786828661906,0.9902001979528184,0.8356796765697174
gan2021_cnn,1.0,26,0.9930753757534724,0.9839558945111982,0.9971671523210982,0.9117098816158946
gan2021_cnn,0.5,78,0.9887317698481954,0.9755707434652927,0.9954158171089257,0.7796852082017204
gan2021_cnn,0.25,75,0.9788112251079463,0.957848129090532,0.9898029222756985,0.8047305529980434
gong_cnn,1.0,26,0.9933290250034794,0.9840264486364853,0.9955306657574691,0.9694078491707377
gong_cnn,0.5,78,0.9889461246764505,0.9734010017191639,0.994012821280973,0.900636253885278
gong_cnn,0.25,76,0.9773145007232954,0.9618455552850514,0.9903961311672448,0.7860150513552243
gong_cnn_bilstm,1.0,26,0.9941522039177673,0.986961263397089,0.9967254193682056,0.9421498744198576
gong_cnn_bilstm,0.5,78,0.9897393909976604,0.9774318419965128,0.9955522049952655,0.8893180475707917
gong_cnn_bilstm,0.25,76,0.9791665188759187,0.9632874487375086,0.9928854394933752,0.7860150513552243
gan_cnn,1.0,26,0.9921165891955817,0.9815083194446962,0.9969475574192328,0.9293466813281169
gan_cnn,0.5,78,0.9891755296957444,0.974950775634551,0.9947135888982321,0.8631322972932581
gan_cnn,0.25,76,0.9794884647089219,0.9562947828922013,0.990623804400363,0.7056793076830173
deeprfqc,1.0,26,0.993598211068133,0.9847041429515562,0.9965652143747146,0.9447926672749749
deeprfqc,0.5,78,0.9870871312934139,0.973471722910011,0.9946714865102239,0.880269418258736
deeprfqc,0.25,76,0.9793539841803856,0.958689313161974,0.9911381182635511,0.8356796765697174
hegaz_capsule,1.0,26,0.9916697487437691,0.9746393037685367,0.9958345208043374,0.8021458473699437
hegaz_capsule,0.5,78,0.9865198220028364,0.9715438525864104,0.9938834307459525,0.7608404524067381
hegaz_capsule,0.25,73,0.9774512424082357,0.9582333617561842,0.9892729661222327,0.8104381953449165
chen2026_image,1.0,26,0.9930239398158129,0.9884850299170723,0.9962771307278532,0.9175013263581787
chen2026_image,0.5,78,0.9881149602626801,0.9760373868459955,0.9939824488173202,0.7949039118212687
chen2026_image,0.25,76,0.9782734341840564,0.9654381678624743,0.9897604497769109,0.7649218219740925
ours_ag3,1.0,26,0.9934154991306736,0.984343034683464,0.9961032624937547,0.8592330167872013
ours_ag3,0.5,78,0.9871327499014539,0.9727603783868845,0.994517743616072,0.7789550747951315
ours_ag3,0.25,76,0.980174816930351,0.9596867091374459,0.990790198858336,0.5842560509682541
ours_multiband,1.0,26,0.9918143382729003,0.9865967062001179,0.9965517702383051,0.9391147747802396
ours_multiband,0.5,78,0.9889941586980983,0.97526739683376,0.9947646147977426,0.8451181294000886
ours_multiband,0.25,76,0.9807764818867655,0.9670763308957385,0.9922066472930928,0.8356796765697174
xiong2025_fcm,1.0,26,0.9787499874278929,0.9522955502652453,0.9898834807707343,0.8923332576771444
xiong2025_fcm,0.5,78,0.9655265787367933,0.9406811263040008,0.9855101554648839,0.8792096028717286
xiong2025_fcm,0.25,76,0.9547888156264687,0.8992574076032456,0.977565502591268,0.6160553678646613
