method,label,group,accuracy_mean,accuracy_sd,macro_f1_mean,macro_f1_sd,good_auprc_mean,good_auprc_sd,good_precision_mean,good_precision_sd,good_recall_mean,good_recall_sd
li2021_cnn,Li-CNN (2021),primary,95.61135341512794,0.14721214397784738,88.26226619341183,0.15118146952374445,86.67036579719168,0.24917639786468396,74.16049686245839,1.7765381251321957,84.51783723522853,1.7743360136451478
gan2021_cnn,Gan-CNN (2021),primary,95.60184241633718,0.055141031502335416,87.98935350653294,0.13656653083189094,85.97552297152868,0.22703335118788165,75.15701391460105,0.32257067939520684,81.99554069119287,0.14681791740319142
gong_cnn,Gong-CNN,primary,96.11136020869849,0.12437244774297848,89.21083455208452,0.2391066178621125,88.66150392979414,0.20928534736354182,78.5579455879701,1.5191963818396115,82.7480490523969,1.3829728003247628
gong_cnn_bilstm,Gong-CNN–BiLSTM,primary,96.14532806152258,0.08858774338076758,89.26682910172676,0.27777143774924123,88.65102426285264,0.26320718378262586,78.90732013620281,0.332285729162309,82.52508361204013,0.8537030876531031
gan_cnn,Gan-CNN (2023),primary,95.5271131401242,0.09044383342514078,87.76514129691054,0.27946628000681273,85.64329504450514,0.3606540882837399,74.89026176105396,0.3071434656747789,81.42419175027871,0.7946810161306128
deeprfqc,DeepRFQC (2024),primary,95.93744480223916,0.10386833980688387,88.59912634989819,0.1633044739824839,87.59050155177793,0.692021763019404,78.40338225343696,1.2045596459879273,80.54626532887403,0.738835905340667
hegaz_capsule,RF-Capsule (2025),primary,94.80971208847947,0.15788585390232224,86.1205103909652,0.1094912176158536,81.2539661480193,0.28194709183256195,70.56081579643076,1.8495198328242362,80.44871794871794,2.585672205929541
chen2026_image,Chen-AlexNet (2026),primary,96.0284786478077,0.010258066597736776,89.11919669257841,0.19046929428143528,88.10698847888561,0.2285349445047333,77.37236932313971,1.231462930160041,83.835005574136,2.321771513514225
reference_ag3,Reference–AG3,primary,95.84912838489653,0.18475014914669458,88.56489931054838,0.28276272380360457,87.58350241919258,0.3941177472150702,76.96698637194372,2.909775502324317,82.2463768115942,3.432509324044742
reference_multifilter,Reference–multi-filter,primary,96.0814684982133,0.10322651075815113,89.19148226352993,0.335946111461837,88.328729366261,0.3683071403454127,78.021372231107,1.044479998282131,83.30546265328874,1.8948475790200041
descriptors_ag3,Descriptors only / AG3,features,90.01345126971833,0.10182200299022823,77.18394057016967,0.11879686281202934,59.46114166668046,0.30146411223871056,49.22925140809122,0.32390608148027716,77.06243032329989,1.1290205741654977
combined_ag3,Waveform + descriptors / AG3,features,95.79070367803911,0.18248800177376173,88.32390901725503,0.47929869657922974,87.15426932226576,0.31561186961409166,76.95308105854943,1.030451791308195,81.13154960981048,0.6640887713179394
descriptors_multifilter,Descriptors only / multi-band,features,94.18198616829034,0.2478191742463996,84.70809100222199,0.3041279289569,76.23702902169455,1.0555618523419206,67.11590686798039,1.9690127807452988,79.31995540691193,2.1667997420298297
combined_multifilter,Waveform + descriptors / multi-band,features,96.0026630796614,0.1571474904455311,88.87453798204203,0.23569413269109696,88.42280534056505,0.14808484616291603,78.31725099410835,2.807535101767493,81.8561872909699,3.412508417582357
xiong2025_fcm,Xiong-FCM (2025),features,85.9658419272001,1.3597399555105182e-14,73.01405116220326,1.3597399555105182e-14,38.2888266431676,8.365809075276985e-05,39.78620019436346,0.0,85.57692307692307,0.0
logreg_ag3,LogReg–AG3,features,81.26604981045938,0.0,64.60055720520836,0.0,26.319632995388492,0.0,29.238884702336097,0.0,64.88294314381271,0.0
logreg_multifilter,LogReg–multi-filter,features,89.63437003220152,1.7404671430534633e-14,76.74665567833914,0.0,45.945988978515764,0.0,48.05261800361105,8.702335715267317e-15,77.88461538461539,0.0
